ldraw_part,ldraw_color,lego_color,bricklink_part,bricklink_color_id,bricklink_color,rebrickable_part,design_id,element_id,alt_element_ids,last_set_year,sets_since_2024,pab_2025,pab_2022,pab_price_2025,pab_price_2022,pab_name,availability
14716.dat,15,White,14716,1,White,14716,14716,6055541,6548277,2026,69,,yes,,0.14,BRICK 1X1X3,"likely (current, listed 2022)"
16577.dat,15,White,16577,1,White,16577,40296,6619298,6062279 6313647,2026,16,,,,,,likely (in current sets)
2417.dat,2,Dark Green,2417,6,Green,2417,2417,6266968,241728 4613823,2026,33,,yes,,0.19,LIMB ELEMENT,"likely (current, listed 2022)"
2431.dat,320,New Dark Red,2431,59,Dark Red,2431,2431,4539060,4164220,2026,38,,yes,,0.13,FLAT TILE 1X4,"likely (current, listed 2022)"
2445.dat,15,White,2445,1,White,2445,2445,244501,6552091,2026,49,,yes,,0.35,PLATE 2X12,"likely (current, listed 2022)"
24866.dat,4,Bright Red,24866,5,Red,24866,24866,6206148,,2026,80,,yes,,0.06,FLOWER 1X1,"likely (current, listed 2022)"
2877.dat,15,White,2877,1,White,2877,2877,287701,6552093,2026,28,,yes,,0.11,PROFILE BRICK 1X2,"likely (current, listed 2022)"
3004.dat,0,Black,3004,11,Black,3004,3004,300426,,2026,198,yes,yes,0.1,0.11,BRICK 1X2,listed on Pick a Brick (2025)
3004.dat,4,Bright Red,3004,5,Red,3004,3004,300421,4613961,2026,118,yes,yes,0.1,0.11,BRICK 1X2,listed on Pick a Brick (2025)
3004.dat,15,White,3004,1,White,3004,3004,300401,4613964 6548257,2026,249,yes,yes,0.1,0.11,BRICK 1X2,listed on Pick a Brick (2025)
3004.dat,288,Earth Green,3004,80,Dark Green,3004,3004,4245570,6618072,2026,29,yes,yes,0.1,0.11,BRICK 1X2,listed on Pick a Brick (2025)
3005.dat,0,Black,3005,11,Black,3005,3005,300526,,2026,200,yes,yes,0.07,0.07,BRICK 1X1,listed on Pick a Brick (2025)
3005.dat,4,Bright Red,3005,5,Red,3005,3005,300521,,2026,95,yes,yes,0.07,0.07,BRICK 1X1,listed on Pick a Brick (2025)
3005.dat,15,White,3005,1,White,3005,3005,300501,300551 6548258 6552096,2026,234,yes,yes,0.07,0.07,BRICK 1X1,listed on Pick a Brick (2025)
3005.dat,19,Brick Yellow,3005,2,Tan,3005,3005,4113915,300505,2026,137,yes,yes,0.07,0.07,BRICK 1X1,listed on Pick a Brick (2025)
3005.dat,288,Earth Green,3005,80,Dark Green,3005,3005,4521915,4271434 4496290 6618073,2026,28,yes,,0.07,,BRICK 1X1,listed on Pick a Brick (2025)
3008.dat,15,White,3008,1,White,3008,3008,300801,6550134,2026,66,,yes,,0.29,BRICK 1X8,"likely (current, listed 2022)"
3009.dat,15,White,3009,1,White,3009,3009,300901,300951 6548259 6552097,2026,134,,yes,,0.25,BRICK 1X6,"likely (current, listed 2022)"
3010.dat,15,White,3010,1,White,3010,3010,301001,6550135,2026,186,yes,yes,0.16,0.15,BRICK 1X4,listed on Pick a Brick (2025)
3010.dat,288,Earth Green,3010,80,Dark Green,3010,3010,4245571,6618074,2026,23,yes,yes,0.16,0.15,BRICK 1X4,listed on Pick a Brick (2025)
3020.dat,15,White,3020,1,White,3020,3020,302001,6552098,2026,315,yes,yes,0.14,0.14,PLATE 2X4,listed on Pick a Brick (2025)
3021.dat,2,Dark Green,3021,6,Green,3021,3021,302128,,2026,81,,yes,,0.14,PLATE 2X3,"likely (current, listed 2022)"
3022.dat,15,White,3022,1,White,3022,3022,302201,4613976 6548260 6552099,2026,334,yes,yes,0.09,0.11,PLATE 2X2,listed on Pick a Brick (2025)
3023b.dat,0,Black,3023,11,Black,3023,3023,302326,,2026,502,yes,yes,0.07,0.07,PLATE 1X2,listed on Pick a Brick (2025)
3023b.dat,15,White,3023,1,White,3023,3023,302301,6548261 6552100,2026,520,yes,yes,0.07,0.07,PLATE 1X2,listed on Pick a Brick (2025)
3024.dat,71,Medium Stone Grey,3024,86,Light Bluish Gray,3024,3024,4211399,,2026,263,yes,yes,0.05,0.06,PLATE 1X1,listed on Pick a Brick (2025)
3029.dat,15,White,3029,1,White,3029,3029,4168072,302901,2026,20,,yes,,0.7,PLATE 4X12,"likely (current, listed 2022)"
3030.dat,71,Medium Stone Grey,3030,86,Light Bluish Gray,3030,3030,4211402,,2026,30,,yes,,0.54,PLATE 4X10,"likely (current, listed 2022)"
3031.dat,15,White,3031,1,White,3031,3031,4243812,303101 6552127,2026,93,,yes,,0.21,PLATE 4X4,"likely (current, listed 2022)"
3032.dat,15,White,3032,1,White,3032,3032,303201,,2026,71,,yes,,0.43,PLATE 4X6,"likely (current, listed 2022)"
3033.dat,15,White,3033,1,White,3033,3033,4528341,303301,2026,17,,yes,,0.86,PLATE 6X10,"likely (current, listed 2022)"
3033.dat,71,Medium Stone Grey,3033,86,Light Bluish Gray,3033,3033,4211405,,2026,36,,yes,,0.86,PLATE 6x10,"likely (current, listed 2022)"
3034.dat,2,Dark Green,3034,6,Green,3034,3034,303428,,2026,32,,yes,,0.25,PLATE 2X8,"likely (current, listed 2022)"
3039.dat,4,Bright Red,3039,5,Red,3039,3039,303921,,2026,30,,yes,,0.14,ROOF TILE 2X2/45°,"likely (current, listed 2022)"
3040b.dat,4,Bright Red,3040,5,Red,3040b,3040,4121934,304021,2026,28,,yes,,0.11,ROOF TILE 1X2/45°,"likely (current, listed 2022)"
3040b.dat,15,White,3040,1,White,3040b,3040,4121932,304001 6552115,2026,71,,yes,,0.11,ROOF TILE 1X2/45°,"likely (current, listed 2022)"
3062b.dat,15,White,3062,1,White,3062b,3062,306201,6619283,2026,127,,yes,,0.06,ROUND BRICK 1X1,"likely (current, listed 2022)"
3062b.dat,19,Brick Yellow,3062,2,Tan,3062b,3062,4117070,306205,2026,69,,yes,,0.06,ROUND BRICK 1X1,"likely (current, listed 2022)"
3062b.dat,47,Transparent,3062,12,Trans-Clear,3062b,35390,6223655,3006840 306210 306240 6012880 6514232,2026,75,,yes,,0.07,ROUND BRICK 1X1,"likely (current, listed 2022)"
3062b.dat,70,Reddish Brown,3062,88,Reddish Brown,3062b,3062,4211183,,2026,112,,yes,,0.06,ROUND BRICK 1X1,"likely (current, listed 2022)"
3068b.dat,4,Bright Red,3068,5,Red,3068b,3068,306821,,2026,91,,yes,,0.08,FLAT TILE 2X2,"likely (current, listed 2022)"
3069b.dat,4,Bright Red,3069,5,Red,3069b,3069,306921,4178178,2026,167,,yes,,0.07,FLAT TILE 1X2,"likely (current, listed 2022)"
3069b.dat,71,Medium Stone Grey,3069,86,Light Bluish Gray,3069b,3069,4211414,,2026,212,,yes,,0.07,FLAT TILE 1X2,"likely (current, listed 2022)"
3069b.dat,72,Dark Stone Grey,3069,85,Dark Bluish Gray,3069b,3069,4211052,,2026,173,,yes,,0.07,FLAT TILE 1X2,"likely (current, listed 2022)"
3069b.dat,320,New Dark Red,3069,59,Dark Red,3069b,3069,4539090,4165783 4529548,2026,75,,yes,,0.07,FLAT TILE 1X2,"likely (current, listed 2022)"
3070b.dat,4,Bright Red,3070,5,Red,3070b,3070,307021,,2027,165,,yes,,0.06,FLAT TILE 1X1,"likely (current, listed 2022)"
3070b.dat,71,Medium Stone Grey,3070,86,Light Bluish Gray,3070b,3070,4211415,,2026,172,,yes,,0.06,FLAT TILE 1X1,"likely (current, listed 2022)"
32607.dat,2,Dark Green,32607,6,Green,32607,32607,6229130,,2026,138,,yes,,0.06,"PLANT, W/ PLATE 1X1, NO. 1","likely (current, listed 2022)"
3460.dat,15,White,3460,1,White,3460,3460,346001,6550141,2026,152,,yes,,0.18,PLATE 1X8,"likely (current, listed 2022)"
3659.dat,15,White,3659,1,White,3659,3659,365901,6550145,2026,37,,yes,,0.14,BRICK W. BOW 1X4,"likely (current, listed 2022)"
3700.dat,15,White,3700,1,White,3700,3700,370001,6619284,2026,64,,yes,,0.11,"TECHNIC BRICK 1X2, Ø4.9","likely (current, listed 2022)"
3795.dat,2,Dark Green,3795,6,Green,3795,3795,379528,,2026,60,,yes,,0.19,PLATE 2X6,"likely (current, listed 2022)"
3832.dat,2,Dark Green,3832,6,Green,3832,3832,383228,,2026,18,,yes,,0.25,PLATE 2X10,"likely (current, listed 2022)"
3941.dat,15,White,3941,1,White,3941,6143,6601920,394101 614301 614351,2026,78,,,,,,likely (in current sets)
3942c.dat,4,Bright Red,3942c,5,Red,3942c,14918,6056297,394221 394271 4200493 4519907 4528786 6022147,2026,6,,,,,,likely (in current sets)
3958.dat,15,White,3958,1,White,3958,3958,4144012,395801 6552116,2026,38,,yes,,0.5,PLATE 6X6,"likely (current, listed 2022)"
4162.dat,4,Bright Red,4162,5,Red,4162,4162,416221,,2026,44,,yes,,0.14,FLAT TILE 1X8,"likely (current, listed 2022)"
4162.dat,71,Medium Stone Grey,4162,86,Light Bluish Gray,4162,4162,4211481,,2026,99,,yes,,0.14,FLAT TILE 1X8,"likely (current, listed 2022)"
4286.dat,4,Bright Red,4286,5,Red,4286,4286,428621,,2026,10,,yes,,0.11,ROOF TILE 1X3/25°,"likely (current, listed 2022)"
4286.dat,15,White,4286,1,White,4286,4286,428601,,2026,29,,yes,,0.11,ROOF TILE 1X3/25°,"likely (current, listed 2022)"
4477.dat,15,White,4477,1,White,4477,4477,447701,6550148 6552113,2026,97,,yes,,0.18,PLATE 1X10,"likely (current, listed 2022)"
4589.dat,288,Earth Green,4589b,80,Dark Green,59900,59900,6411591,,2026,28,,,,,,likely (in current sets)
60479.dat,15,White,60479,1,White,60479,60479,4514842,6548269 6552130,2026,59,,yes,,0.25,PLATE 1X12,"likely (current, listed 2022)"
6141.dat,15,White,4073,1,White,6141,6141,614101,6601919,2026,203,,yes,,0.06,ROUND PLATE 1X1,"likely (current, listed 2022)"
63864.dat,4,Bright Red,63864,5,Red,63864,63864,4533742,,2026,97,,yes,,0.11,FLAT TILE 1x3,"likely (current, listed 2022)"
6636.dat,71,Medium Stone Grey,6636,86,Light Bluish Gray,6636,6636,4211549,,2026,134,,yes,,0.14,FLAT TILE 1X6,"likely (current, listed 2022)"
87079.dat,4,Bright Red,87079,5,Red,87079,87079,4560179,,2026,71,,yes,,0.21,FLAT TILE 2X4,"likely (current, listed 2022)"
87081.dat,15,White,87081,1,White,87081,87081,6619304,4558956,2026,25,,,,,,likely (in current sets)
87994.dat,288,Earth Green,87994,80,Dark Green,87994,17715,6525789,,2026,9,,,,,,likely (in current sets)
91405.dat,72,Dark Stone Grey,91405,85,Dark Bluish Gray,91405,91405,6004927,,2026,13,,yes,,3.04,PLATE 16X16,"likely (current, listed 2022)"
